Main Category,Item Type,Item Name,Quantity,Unit,Brand,Part Number,Subcategory,Supplier,Location,Reorder Threshold,Notes,Critical Item,In Stock,NEEDS_REVIEW,Original Row,,,,,,,,
Plumbing,Supply,16 90 degree connection,4,piece,,,Hosetail fittings,Agrico,Port storage2,2,No,No,,,3,,,,,,,,
Plumbing,Supply,16mm Couplers,4,piece,,,Hosetail fittings,Agrico,Port storage2,2,No,No,,,4,,,,,,,,
Plumbing,Supply,16mm Tee,2,piece,,,Hosetail fittings,Agrico,Port storage2,2,No,No,,,5,,,,,,,,
Plumbing,Supply,1/2 Male x 16mm hose,2,piece,,,Hosetail fittings,Agrico,Port storage2,2,No,No,,,6,,,,,,,,
Plumbing,Supply,1/2 Female x Female,2,piece,,,Hosetail fittings,Agrico,Port storage2,2,No,No,,,7,,,,,,,,
Plumbing,Supply,20mm 90 degree fitting,2,piece,,,Hosetail fittings,Agrico,Port storage2,2,No,No,,,8,,,,,,,,
Plumbing,Supply,3/4 Male x 20mm hose,2,piece,,,Hosetail fittings,Agrico,Port storage2,2,No,No,,,9,,,,,,,,
Plumbing,Supply,1/2 female x 3/4female,2,piece,,,Hosetail fittings,Agrico,Port storage2,2,No,No,,,10,,,,,,,,
Plumbing,Supply,20mm Coupler,2,piece,,,Hosetail fittings,Agrico,0,2,No,No,,,11,,,,,,,,
Plumbing,Supply,25mm 90 Degree Fitting,2,piece,,,Hosetail fittings,Agrico,Port storage2,2,No,No,,,12,,,,,,,,
Plumbing,Supply,25mm Coupler,2,piece,,,Hosetail fittings,Agrico,0,2,No,No,,,13,,,,,,,,
Plumbing,Supply,1 inch blackwater tank value,1,piece,,,,,Port storage2,2,No,No,,,14,,,,,,,,
Plumbing,Supply,1 inch blakcwater tank coupling,1,piece,,,,,Port storage2,2,No,No,,,15,,,,,,,,
Bilge pump & Gori Props,Supply,Bilge Pump BE1454 Orca bilge pump 1300gph 24V,1,piece,,BE1454,Bilges,Central Boating,Port storage1,0,No,No,,,17,,,,,,,,
Bilge pump & Gori Props,Supply,Float switch,1,piece,,,Bilges,Central Boating,Port storage1,0,No,No,,,18,,,,,,,,
Bilge pump & Gori Props,Supply,Bilge pump 24 volts,1,piece,,,,,Port storage1,0,No,No,,,19,,,,,,,,
Bilge pump & Gori Props,Item,Anode for Gori Propeller ends,2,piece,,,Gori Props,Central Boating,Portside watermaker cupboard (astern of stairs),0,No,No,,,20,,,,,,,,
Bilge pump & Gori Props,Item,1/2 moon Gori Propeller,2,piece,,,Gori Props,Central Boating,Portside watermaker cupboard (astern of stairs),0,No,No,,,21,,,,,,,,
General,Supply,White Sika,1,piece,Sika,,kit,Commercial Marine,Portside watermaker cupboard (astern of stairs),2,No,No,,,23,,,,,,,,
General,Supply,Grey Sika,1,piece,Sika,,kit,Commercial Marine,Portside watermaker cupboard (astern of stairs),2,No,No,,,24,,,,,,,,
General,Supply,Clear Sika,1,piece,Sika,,kit,Commercial Marine,Portside watermaker cupboard (astern of stairs),2,No,No,,,25,,,,,,,,
General,Supply,Epoxy Quickset Liquid,1,piece,,,Kit,Commercial Marine,AquaMend box: Strbd bath above toilet,0,No,No,,,26,,,,,,,,
General,Supply,2 part Epoxy Putty,1,piece,,,Kit,Commercial Marine,AquaMend box: Strbd bath above toilet,0,No,No,,,27,,,,,,,,
General,Supply,2 part Aqua Underwater Putty,1,piece,,,Kit,Commercial Marine,AquaMend box: Strbd bath above toilet,0,No,No,,,28,,,,,,,,
General,Supply,Corrosion Black Grease,1,piece,,,Kit,Commercial Marine,AquaMend box: Strbd bath above toilet,2,No,No,,,29,,,,,,,,
General,Supply,3mm S/S Wire,1,piece,,,Kit,Commercial Marine,0,0,No,No,,,30,,,,,,,,
General,Supply,Self Amalgamating tape,1,piece,,,Kit,Buco,AquaMend box: Strbd bath above toilet,2,No,No,,,31,,,,,,,,
General,Supply,8mm Straight connection,2,piece,,,Fuel Connection,Meikles,AquaMend box: Strbd bath above toilet,0,No,No,,,32,,,,,,,,
General,Supply,Manuel oil changing pump (QuickSilver Gear Lube Pump),1,piece,,,,Commercial Marine,Portside watermaker cupboard (astern of stairs),1,No,No,,,33,,,,,,,,
General,Item,self-fusing recovery tape,1,piece,,,,,Portside watermaker cupboard (astern of stairs),0,No,No,,,34,,,,,,,,
General,Supply,double-side tape,1,piece,,,,,Portside watermaker cupboard (astern of stairs),2,No,No,,,35,,,,,,,,
General,Supply,Gorilla tape - extra wide (4) and wide,2,piece,Gorilla,,,,Portside watermaker cupboard (astern of stairs),2,No,No,,,STOCK_UNCLEAR,36,,,,,,,
General,Supply,Gorilla double-sided tape (narrow),1,piece,Gorilla,,,,Portside watermaker cupboard (astern of stairs),2,No,No,,,STOCK_UNCLEAR,37,,,,,,,
General,Supply,duct tape,1,piece,,,,,Portside watermaker cupboard (astern of stairs),2,No,No,,,38,,,,,,,,
General,Supply,painters tape - 1/4 inch and 1 inch,2,piece,,,,,Portside watermaker cupboard (astern of stairs),2,No,No,,,39,,,,,,,,
General,Supply,thick blue masking tape,1,piece,,,,,Portside watermaker cupboard (astern of stairs),2,No,No,,,40,,,,,,,,
General,Supply,reg yellow masking tape,1,piece,,,,,Portside watermaker cupboard (astern of stairs),2,No,No,,,41,,,,,,,,
General,Supply,Starbrite moisture absorber refill,3/4,Bag,,,,,Portside food cupboard' (at bottom of stairs),0,No,No,,,42,,,,,,,,
General,Supply,Paper towels,3,roll,,,,,Portside food cupboard' (at bottom of stairs),0,No,No,,,43,,,,,,,,
General,Item,Non-slip shelf liner,6,roll,,,,,Portside food cupboard' (at bottom of stairs),0,No,No,,,44,,,,,,,,
General,Supply,sheets of plastic (leftover from packages),1,piece,,,,,black bin - port forepeak,0,No,No,,,QTY_BLANK; TYPE_UNKNOWN; STOCK_UNCLEAR,45,,,,,,,
Nuts & Bolts,Tool,Assorted M6 - M10 Hex/CSK,1,piece,,,Nuts & Bolts,Fastenright,BoltsBox: Strbd bath above toilet,0,No,No,,,47,,,,,,,,
Nuts & Bolts,Supply,Washers/Nyloc/Nuts/Splipins/SS Pins,1,piece,,,Nuts & Bolts,Fastenright,BoltsBox: Strbd bath above toilet,0,No,No,,,48,,,,,,,,
Nuts & Bolts,Supply,Assorted 3.5/4.2/5.5/4.8 Pan head & CSK,1,piece,,,Screws,Fastenright,BoltsBox: Strbd bath above toilet,0,No,No,,,49,,,,,,,,
Integrel,Supply,Spare set of belts,3,piece,,,Integrel,Integral,TBD,1,No,No,,NO_LOCATION,51,,,,,,,,
Integrel,Tool,Straight edge,1,piece,,,,Integral,Strbd bath above toilet,0,No,No,,,52,,,,,,,,
Integrel,Supply,Vented smooth pulleys,2,piece,,,,Integral,Strbd bath above toilet,0,No,No,,,TYPE_UNKNOWN; STOCK_UNCLEAR,53,,,,,,,
Integrel,Supply,Belts - 8PK1330HD,2,piece,,8PK1330HD,,,Strbd bath above toilet,1,No,No,,,STOCK_UNCLEAR,54,,,,,,,
Fresh & Salt water pump and throttle cable,Supply,"UP6/E 24V 3,5 bar high pressure",1,piece,,UP6/E,Pump,Manex,Port storage2,0,No,No,,,56,,,,,,,,
Fresh & Salt water pump and throttle cable,Supply,9ft ZF Throttle,1,piece,,,Morse Cable,Manex,Strbd bath above toilet,0,No,No,,,57,,,,,,,,
Fresh & Salt water pump and throttle cable,Supply,Larger Seawater Strainer Full Unit,1,piece,,,,,Port storage2,0,No,No,,,58,,,,,,,,
Fresh & Salt water pump and throttle cable,Supply,Small Seawater Strainer Full Unit,1,piece,,,,,Port storage2,0,No,No,,,59,,,,,,,,
Plumbing Fittings,Supply,90 degree elbows,5,piece,,,Plumbing,Plumblink,Port storage2,2,No,No,,,61,,,,,,,,
Plumbing Fittings,Supply,Straight Connectors,4,piece,,,Plumbing,Plumblink,Port storage2,2,No,No,,,62,,,,,,,,
Plumbing Fittings,Supply,Stop Ends,2,piece,,,Plumbing,Plumblink,Port storage2,2,No,No,,,63,,,,,,,,
Plumbing Fittings,Supply,Male iron,2,piece,,,Plumbing,Plumblink,Port storage2,2,No,No,,,64,,,,,,,,
Plumbing Fittings,Supply,Female Iron,2,piece,,,Plumbing,Plumblink,Port storage2,2,No,No,,,65,,,,,,,,
Plumbing Fittings,Supply,Tee's,2,piece,,,Plumbing,Plumblink,Port storage2,2,No,No,,,66,,,,,,,,
Plumbing Fittings,Supply,Pipe,10,meter,,,Plumbing,Plumblink,TBD,2,No,No,,STOCK_INVALID,67,,,,,,,,
Plumbing Fittings,Supply,Valves,2,piece,,,Plumbing,Plumblink,Port storage2,2,No,No,,,68,,,,,,,,
Plumbing Fittings,Supply,Non-return Valves,1,piece,,,Plumbing,Plumblink,Port storage2,2,No,No,,,69,,,,,,,,
Plumbing Fittings,Supply,0.25 RO tubing (for drinking water),20,foot,,,Plumbing,,Port storage 0,2,No,No,,,STOCK_UNCLEAR,70,,,,,,,
Plumbing Fittings,Supply,Assorted 0.25 RO quick release fittings,1,pack,,,Plumbing,,Port storage 0,2,No,No,,,STOCK_UNCLEAR,71,,,,,,,
Plumbing Fittings,Supply,Orange foam cone,1,piece,,,,,Port storage,2,No,No,,,72,,,,,,,,
Electrical,Supply,Electric fuses and breakers,1,piece,,,,,AquaMend box: Strbd bath above toilet,0,No,No,,,74,,,,,,,,
Engine Service/Spares,Supply,50hr Service Kit: Oil Filter,2,piece,,,Engine,Seascape Marine,Strbd bath above toilet,1,No,No,,,78,,,,,,,,
Engine Service/Spares,Supply,250hr Service Kit: Oil Filter,2,piece,,,Engine,Seascape Marine,Strbd bath above toilet,1,No,No,,,79,,,,,,,,
Engine Service/Spares,Supply,250hr Service Kit: Fuel Filter,2,piece,,,Engine,Seascape Marine,Strbd bath above toilet,1,No,No,,,80,,,,,,,,
Engine Service/Spares,Supply,250hr Service Kit: Filter Separator,2,piece,,,Engine,Seascape Marine,Strbd bath above toilet,1,No,No,,,81,,,,,,,,
Engine Service/Spares,Supply,250hr Service Kit: Impeller Kit,2,piece,,,Engine,Seascape Marine,Strbd bath above toilet,2,No,No,,,82,,,,,,,,
Engine Service/Spares,Supply,250hr Service Kit: Belt water Pump,2,piece,,,Engine,Seascape Marine,Strbd bath above toilet,1,No,No,,,83,,,,,,,,
Engine Service/Spares,Supply,250hr Service Kit: Oil & Coolant,2,piece,,,Engine,Seascape Marine,Strbd bath above toilet,1,No,No,,,84,,,,,,,,
Engine Service/Spares,Supply,Additional Spare Kit: Fuel Filter,2,piece,,,Engine,Seascape Marine,Strbd bath above toilet,1,No,No,,,85,,,,,,,,
Engine Service/Spares,Supply,Additional Spare Kit: Filter Separator,2,piece,,,Engine,Seascape Marine,Strbd bath above toilet,1,No,No,,,86,,,,,,,,
Engine Service/Spares,Supply,Additional Spare Kit: Belt Water Pump,1,piece,,,Engine,Seascape Marine,Strbd bath above toilet,1,No,No,,,87,,,,,,,,
Engine Service/Spares,Supply,Additional Spare Kit: Impeller Kit,1,piece,,,Engine,Seascape Marine,Strbd bath above toilet,2,No,No,,,88,,,,,,,,
Engine Service/Spares,Supply,Additional Spare Kit: Coolant,4,piece,,,Engine,Seascape Marine,Strbd bath above toilet,2,No,No,,,89,,,,,,,,
Engine Service/Spares,Supply,Additional Spare Kit: Oil,6,piece,,,Engine,Seascape Marine,Strbd bath above toilet,1,No,No,,,90,,,,,,,,
Engine Service/Spares,Supply,Fuel filter spares,4,piece,,,Engine,Seascape Marine,Strbd bath above toilet,1,No,No,,,91,,,,,,,,
Engine Service/Spares,Supply,1/2 Moon Anodes Saildrive Props,2,piece,,,Engine,Seascape Marine,Portside watermaker cupboard,2,No,No,,,92,,,,,,,,
Engine Service/Spares,Supply,Rose Anodes,2,piece,,,Engine,Seascape Marine,Portside watermaker cupboard,2,No,No,,,93,,,,,,,,
Engine Service/Spares,Supply,Racor spare filters (10 microns),4,piece,Racor,,Engine,Racor,Strbd bath above toilet,1,No,No,,,94,,,,,,,,
Engine Service/Spares,Tool,1/2 pint funnels (sail drive and engine oil),2,piece,,,Engine,,Strbd bath above toilet,0,No,No,,,95,,,,,,,,
Sails,Tool,Sail Repair kit,1,piece,,,Sails,Ullman Sails,Strbd bathroom above black water,0,No,No,,,97,,,,,,,,
Sails,Tool,Set of Splice/Fids,1,piece,,,Sails,Ullman Sails,Strbd bathroom above black water,0,No,No,,,98,,,,,,,,
Hose,Supply,8mm Fuel Hose,5,meter,,,Pipe,Vetus,Outdoor front locker,2,No,No,,,100,,,,,,,,
Hose,Supply,10mm Fuel hose,5,meter,,,Pipe,Vetus,Outdoor front locker,2,No,No,,,101,,,,,,,,
Hose,Supply,16mm DW Hose,5,meter,,,Pipe,Vetus,Portside watermaker cupboard,2,No,No,,,102,,,,,,,,
Hose,Supply,19mm DW Hose,3,meter,,,Pipe,Vetus,TBD,2,No,No,,NO_LOCATION,103,,,,,,,,
Hose,Supply,25mm DW Hose,3,meter,,,Pipe,Vetus,Portside watermaker cupboard,2,No,No,,,104,,,,,,,,
Clamps,Supply,8-16mm Clamps,6,piece,,,Hose Clamps,Wurth,AquaMend box: Strbd bath above toilet,2,No,No,,,106,,,,,,,,
Clamps,Supply,16-27mm Clamps,5,piece,,,Hose Clamps,Wurth,AquaMend box: Strbd bath above toilet,2,No,No,,,107,,,,,,,,
Clamps,Supply,20-32mm Clamps,6,piece,,,Hose Clamps,Wurth,AquaMend box: Strbd bath above toilet,2,No,No,,,108,,,,,,,,
Clamps,Supply,32-50mm Clamps,6,piece,,,Hose Clamps,Wurth,AquaMend box: Strbd bath above toilet,2,No,No,,,109,,,,,,,,
Steering Rope,Supply,Pre-cut lengths 7.5m pre run in boat,1,piece,,,Spare Steering,,Installed,0,No,No,,,111,,,,,,,,
Steering Rope,Supply,Pre-cut lengths 6.2m pre run in boat,1,piece,,,Spare Steering,,Installed,0,No,No,,,112,,,,,,,,
Steering Rope,Supply,Pre-cut Lengths 10.5m pre run in boat,1,piece,,,Spare Steering,,Installed,0,No,No,,,113,,,,,,,,
Steering Rope,Supply,Precut Lengths 11.5m pre run in boat,1,piece,,,Spare Steering,,Installed,0,No,No,,,114,,,,,,,,
Watermaker,Supply,5 micron filters,3,piece,,,Watermaker,,Watermaker Box: Strbd bath above toilet,1,No,No,,,116,,,,,,,,
Watermaker,Supply,10 micron carbon filters,1,piece,,,Watermaker,,Watermaker Box: Strbd bath above toilet,1,No,No,,,117,,,,,,,,
Watermaker,Supply,RO quick-release 1/4 water filter,1,piece,,,Watermaker,,Watermaker Box: Strbd bath above toilet,1,No,No,,,STOCK_UNCLEAR,118,,,,,,,
Watermaker,Supply,motor coupling,1,piece,,,Watermaker,,Watermaker Box: Strbd bath above toilet,2,No,No,,,119,,,,,,,,
Watermaker,Supply,PSP 15 (coupling?),1,piece,,,Watermaker,,Watermaker Box: Strbd bath above toilet,2,No,No,,,120,,,,,,,,
Watermaker,Supply,PSSM 152 (coupling),1,piece,,,Watermaker,,Watermaker Box: Strbd bath above toilet,2,No,No,,,121,,,,,,,,
Watermaker,Supply,Schneker Cleaning 1,2,piece,Schneker,,Watermaker,,Watermaker Box: Strbd bath above toilet,2,No,No,,,122,,,,,,,,
Watermaker,Supply,Schneker Cleaning 2,1,piece,Schneker,,Watermaker,,Watermaker Box: Strbd bath above toilet,2,No,No,,,123,,,,,,,,
Watermaker,Supply,tube of silicone paste,1,piece,,,Watermaker,,Watermaker Box: Strbd bath above toilet,2,No,No,,,124,,,,,,,,
Watermaker,Supply,Schsp 10 pump head,1,piece,,,Watermaker,,Watermaker Box: Strbd bath above toilet,2,No,No,,,125,,,,,,,,
Watermaker,Supply,Schdpm16 (cables and sensor?),1,piece,,Schdpm16,Watermaker,,Watermaker Box: Strbd bath above toilet,2,No,No,,,126,,,,,,,,
Watermaker,Supply,SchSsZ15 (assorted washers),1,piece,,SchSsZ15,Watermaker,,Watermaker Box: Strbd bath above toilet,2,No,No,,,127,,,,,,,,
Watermaker,Supply,Schneker water maker tubing compression nut,1,piece,Schneker,,Watermaker,,Nav Station Stbd Top (grey battery bag),2,No,No,,,QTY_BLANK; STOCK_UNCLEAR,128,,,,,,,
FASTENER,Tool,Grommets Punch,1,piece,,,,,Ziplock bag: Strbd bath above toilet,0,No,No,,,130,,,,,,,,
FASTENER,Supply,Grommets 10mm 3/8 inch,1,piece,,,,,Ziplock bag: Strbd bath above toilet,0,No,No,,,131,,,,,,,,
FASTENER,Supply,Grommets 8mm 5/16 inch,1,piece,,,,,Ziplock bag: Strbd bath above toilet,0,No,No,,,132,,,,,,,,
FASTENER,Supply,Grommets 12mm 1/2 inch,1,piece,,,,,Ziplock bag: Strbd bath above toilet,0,No,No,,,133,,,,,,,,
FASTENER,Supply,1 micron filters,4,piece,,,,,Strbd bath above toilet,1,No,No,,,134,,,,,,,,
FASTENER,Supply,5 micron filter,1,piece,,,,,Strbd bath above toilet,1,No,No,,,135,,,,,,,,
FASTENER,Supply,hinges,20,piece,,,,,Portside watermaker cupboard (astern of stairs),0,No,No,,,136,,,,,,,,
FASTENER,Supply,Small zip-ties,15,piece,,,,,Portside watermaker cupboard (astern of stairs),0,No,No,,,137,,,,,,,,
Adhesives & Ties,Tool,Bungee Cords,6,piece,,,,,Portside watermaker cupboard (astern of stairs),0,No,No,,,139,,,,,,,,
Adhesives & Ties,Item,Cargo Nets,3,piece,,,,,Portside watermaker cupboard (astern of stairs),0,No,No,,,140,,,,,,,,
Adhesives & Ties,Supply,small open tube Sike 591,1.5,piece,,,,,Portside watermaker cupboard (astern of stairs),0,No,No,,,142,,,,,,,,
Adhesives & Ties,Supply,Wooden mixing sticks (small),10,piece,,,,,Portside watermaker cupboard (astern of stairs),0,No,No,,,143,,,,,,,,
Adhesives & Ties,Supply,Gloves (thin working),100,piece,,,,,Portside watermaker cupboard (astern of stairs),0,No,No,,,144,,,,,,,,
Adhesives & Ties,Supply,Marine Weld (25ml),1,piece,,,,,Portside watermaker cupboard (astern of stairs),0,No,No,,,145,,,,,,,,
Adhesives & Ties,Item,Self Adhensive Hooks,12,piece,,,,,Portside watermaker cupboard (astern of stairs),0,No,No,,,146,,,,,,,,
Adhesives & Ties,Tool,2 m long tiedowns,4,piece,,,,,Portside watermaker cupboard (astern of stairs),0,No,No,,,147,,,,,,,,
Adhesives & Ties,Supply,Locktight (20g),1,piece,,,,,Portside watermaker cupboard (astern of stairs),0,No,No,,,148,,,,,,,,
Adhesives & Ties,Item,Fasteners (or outside window covers and enclosure),6,piece,,,,,Portside watermaker cupboard (astern of stairs),0,No,No,,,149,,,,,,,,
many,Supply,Portable cord ties,10,piece,,,,,Portside watermaker cupboard (astern of stairs),0,No,No,,,151,,,,,,,,
many,Tool,M2 3/8 Anchor strap,1,piece,,,,,Portside watermaker cupboard (astern of stairs),0,No,No,,,152,,,,,,,,
many,Tool,M2 1/2 Anchor strap,1,piece,,,,,Portside watermaker cupboard (astern of stairs),0,No,No,,,153,,,,,,,,
many,Item,long bag,1,piece,,,,,Portside watermaker cupboard (astern of stairs),0,No,No,,,154,,,,,,,,
many,Tool,Tikka Yatching Repair Kit,1,piece,,,,,Portside watermaker cupboard (astern of stairs),0,No,No,,,155,,,,,,,,
Tools (not in tool drawer),Tool,Small mallet,1,piece,,,,,Gym cupboard,0,No,No,,,158,,,,,,,,
Tools (not in tool drawer),Tool,Digital caliper,1,piece,,,,,Gym cupboard,0,No,No,,,159,,,,,,,,
Tools (not in tool drawer),Tool,Strap wrench,1,piece,,,,,Gym cupboard,0,No,No,,,160,,,,,,,,
Tools (not in tool drawer),Tool,salination tester,1,piece,,,,,Gym cupboard,0,No,No,,,161,,,,,,,,
Tools (not in tool drawer),Tool,Dremel drill and parts,1,piece,,,,,Gym cupboard,0,No,No,,,162,,,,,,,,
Tool Kit for CNC Tool Drawer,Tool,Set of Spanners sz 6-19,1,piece,,,Tools,,tool drawer (saloon),0,No,No,,,165,,,,,,,,
Tool Kit for CNC Tool Drawer,Tool,"Set of Allen keys sz 1,5 - 10",1,piece,,,Tools,,tool drawer (saloon),0,No,No,,,166,,,,,,,,
Tool Kit for CNC Tool Drawer,Tool,Hacksaw,1,piece,,,Tools,,tool drawer (saloon),0,No,No,,,167,,,,,,,,
Tool Kit for CNC Tool Drawer,Tool,Crimper,1,piece,,,Tools,,tool drawer (saloon),0,No,No,,,168,,,,,,,,
Tool Kit for CNC Tool Drawer,Tool,Hammer,1,piece,,,Tools,,tool drawer (saloon),0,No,No,,,169,,,,,,,,
Tool Kit for CNC Tool Drawer,Supply,3m measuring tape,1,piece,,,Tools,,tool drawer (saloon),2,No,No,,,170,,,,,,,,
Tool Kit for CNC Tool Drawer,Tool,Stanley knife,1,piece,,,Tools,,tool drawer (saloon),0,No,No,,,171,,,,,,,,
Tool Kit for CNC Tool Drawer,Supply,Stanley Blades,1,piece,,,Tools,,tool drawer (saloon),0,No,No,,,172,,,,,,,,
Tool Kit for CNC Tool Drawer,Tool,Set of drill bits sz 1-10,1,piece,,,Tools,,tool drawer (saloon),0,No,No,,,173,,,,,,,,
Tool Kit for CNC Tool Drawer,Tool,"Bosch Ratchet set sz 6, 7, 8, 10, 13",1,piece,,,Tools,,tool drawer (saloon),0,No,No,,,174,,,,,,,,
Tool Kit for CNC Tool Drawer,Tool,Silicone gun,1,piece,,,Tools,,tool drawer (saloon),0,No,No,,,175,,,,,,,,
Tool Kit for CNC Tool Drawer,Supply,Filter spanner key,1,piece,,,Tools,,tool drawer (saloon),1,No,No,,,176,,,,,,,,
Tool Kit for CNC Tool Drawer,Tool,Set of screwdrivers,1,piece,,,Tools,,tool drawer (saloon),0,No,No,,,177,,,,,,,,
Tool Kit for CNC Tool Drawer,Tool,Socket set sz 10-32,1,piece,,,Tools,,tool drawer (saloon),0,No,No,,,178,,,,,,,,
Tool Kit for CNC Tool Drawer,Tool,Adjustable spanner 10-250mm,1,piece,,,Tools,,tool drawer (saloon),0,No,No,,,179,,,,,,,,
Tool Kit for CNC Tool Drawer,Tool,9 pcs 2-10mm metal drill bit,1,piece,,,,,tool drawer (saloon),0,No,No,,,180,,,,,,,,
Tool Kit for CNC Tool Drawer,Tool,random yellow case of screws and hex bolts,1,piece,,,,,tool drawer (saloon),0,No,No,,,181,,,,,,,,
Rudder,Supply,Gaitors,2,piece,,,Rudder Boot,Jefa Rudder,Portside watermaker cupboard,0,No,No,,,183,,,,,,,,
Tender/dingy,Supply,Spares for Tender,1,piece,,,Tender,,TBD,0,No,No,,NO_LOCATION,185,,,,,,,,
Tender/dingy,Item,Straps to secure tender for long passages,1,piece,,,Tender,,Stern shallow cupboard - behind helm,0,No,No,,,186,,,,,,,,
Tender/dingy,Item,Dingy anchor,1,piece,,,,,Stern cupboard - behind helm,0,No,No,,,187,,,,,,,,
Tender/dingy,Item,Dingy swim ladder,1,piece,,,,,Stern cupboard - behind helm,0,No,No,,,188,,,,,,,,
Outdoor cleaning,Item,boat hooks,1,piece,Ethanol (spray bottle),500,ml,,Stern bench,0,Stern bench,No,,STOCK_UNKNOWN,,Yes,TYPE_UNKNOWN,190,,,,,
Outdoor cleaning,Item,boat hooks,1,piece,Deck master dek reiniger,1,liter,,Stern bench,0,No,No,,STOCK_UNKNOWN,,UNKNOWN,TYPE_UNKNOWN; STOCK_UNKNOWN; NO_LOCATION,191,,,,,
Outdoor cleaning,Item,boat hooks,1,piece,flexiteek.,(colorless organic quickcleaner for varnished/unvarnished surfaces,a strong alkaline degreaser to clean ship decks incl painted/varnished,,0,0,No,No,,STOCK_UNKNOWN,,UNKNOWN,QTY_UNCLEAR; TYPE_UNKNOWN; STOCK_UNKNOWN; NO_LOCATION,192,,,,,
Outdoor cleaning,Supply,Empty bottle of deck master support mater (highly concentrated multi-cleaner for streak-free cleaning of the inside and outside of your yacht),1,Bottle,,,,Supply,Stern bench,0,No,No,,STOCK_UNKNOWN,,2,,,,UNKNOWN,QTY_BLANK; STOCK_UNKNOWN; NO_LOCATION,194,
Outdoor cleaning,Supply,500 ml deck master bright master,1,Bottle,,,,UNKNOWN,Stern bench,0,No,No,,STOCK_UNKNOWN,Stern bench,,,,,Yes,QTY_BLANK; TYPE_UNKNOWN,196,
Outdoor cleaning,Supply,Star Clean stainless polish,2,Bottle,,,,UNKNOWN,Stern bench,0,No,No,,STOCK_UNKNOWN,Stern bench,,,,,Yes,TYPE_UNKNOWN,197,
Outdoor cleaning,Supply,Alva stainless cleaner,500,Bottle,,,,UNKNOWN,Stern bench,0,No,No,,STOCK_UNKNOWN,Stern bench,,,,,Yes,TYPE_UNKNOWN,198,
Outdoor cleaning,Supply,Starbrite teak cleaner,1,Bottle,,,,UNKNOWN,Stern bench,0,No,No,,STOCK_UNKNOWN,Stern bench,,,,,Yes,TYPE_UNKNOWN,199,
Outdoor cleaning,Supply,Starbrite boat wash,1,Bottle,,,,UNKNOWN,Stern bench,0,No,No,,STOCK_UNKNOWN,Stern bench,,,,,Yes,TYPE_UNKNOWN,200,
Outdoor cleaning,Supply,Windex (vinegar version),1,Bottle,,,,UNKNOWN,Stern bench,0,No,No,,STOCK_UNKNOWN,Stern bench,,,,,Yes,TYPE_UNKNOWN,201,
Outdoor cleaning,Supply,Vinegar,3,Bottle,,,,UNKNOWN,Stern bench,0,No,No,,STOCK_UNKNOWN,"2 under kitchen sink, 1 by milk cupboard",,,,,Nov 9,2025,TYPE_UNKNOWN; STOCK_UNCLEAR,202
Outdoor cleaning,Supply,Paintbrush,1,piece,,,,UNKNOWN,Stern bench,0,No,No,,STOCK_UNKNOWN,Stern bench,,,,,Yes,QTY_BLANK; TYPE_UNKNOWN,203,
Outdoor cleaning,Supply,Tooth brushes,2,piece,,,,UNKNOWN,Stern bench,0,No,No,,STOCK_UNKNOWN,Stern bench,,,,,Yes,TYPE_UNKNOWN,204,
Outdoor cleaning,Supply,Large sponges,2,piece,,,,UNKNOWN,Stern bench,0,No,No,,STOCK_UNKNOWN,Stern bench,,,,,Yes,TYPE_UNKNOWN,205,
Outdoor cleaning,Supply,Various bungee cords,1,piece,,,,UNKNOWN,Stern bench,0,No,No,,STOCK_UNKNOWN,Stern bench,,,,,Yes,QTY_BLANK; TYPE_UNKNOWN,206,
Outdoor cleaning,Supply,Bolt cutters,1,piece,,,,Tool,Stern bench,0,No,No,,STOCK_UNKNOWN,Stern bench,,,,,Yes,QTY_BLANK,207,
Outdoor cleaning,Supply,Boat hook #1: yellow and white brush,1,piece,,,,Item,Stern bench,0,No,No,,STOCK_UNKNOWN,Stern bench,,,,,Yes,QTY_BLANK,208,
Outdoor cleaning,Supply,"Boat hook #2: Stick, hook, yellow and blue brushes",1,piece,,,,Item,Stern bench,0,No,No,,STOCK_UNKNOWN,Stern bench,,,,,Yes,QTY_BLANK,209,
Outdoor cleaning,Supply,McLube,1,Bottle,,,,UNKNOWN,Stern bench,0,No,No,,STOCK_UNKNOWN,Stern bench,,,,,Yes,TYPE_UNKNOWN,210,
Outdoor cleaning,Supply,WD40,1,Bottle,,,,UNKNOWN,Stern bench,0,No,No,,STOCK_UNKNOWN,Stern bench,,,,,Yes,TYPE_UNKNOWN,211,
Outdoor cleaning,Supply,Silicone Spray,1,Bottle,,,,UNKNOWN,Stern bench,0,No,No,,STOCK_UNKNOWN,Stern bench,,,,,Yes,TYPE_UNKNOWN,212,
Outdoor cleaning,Supply,Tectyl Spray,1,Bottle,,,,UNKNOWN,Stern bench,0,No,No,,STOCK_INVALID,Stern bench,,,,,UNKNOWN,TYPE_UNKNOWN; STOCK_UNKNOWN,213,
Outdoor cleaning,Supply,CorrosionX,1,Bottle,,,,UNKNOWN,Stern bench,0,No,No,,STOCK_UNKNOWN,Stern bench,,,,,Yes,TYPE_UNKNOWN,214,
Outdoor cleaning,Supply,Baracle buster,2,Bottle,,,,UNKNOWN,Stern bench,0,No,No,,STOCK_UNKNOWN,Under Brad's outside seat (in front of galley window),,,,,Yes,TYPE_UNKNOWN,215,
Outdoor cleaning,Supply,Bilge cleaner + 2 brushes,1,Bottle,,,,UNKNOWN,Stern bench,0,No,No,,STOCK_UNKNOWN,Under Brad's outside seat (in front of galley window),,,,,Yes,TYPE_UNKNOWN,216,
Outdoor cleaning,Supply,6 ft NEMA cable,1,piece,,,,,Stbd top draw forward of bathroom,0,No,No,,,218,,,,,,,,
Eletrical and gadgets,Supply,NEMA splitter / 3way,1,piece,,,,,Stbd top draw forward of bathroom,0,No,No,,,219,,,,,,,,
Eletrical and gadgets,Tool,20 ft RJ45 cable,1,piece,,,,,Stbd top draw forward of bathroom,0,No,No,,,220,,,,,,,,
Eletrical and gadgets,Tool,multi meter,1,piece,,,,,TBD,0,No,No,,NO_LOCATION,221,,,,,,,,
Eletrical and gadgets,Tool,Power adaptors,1,piece,,,,,Stbd top draw forward of bathroom,0,No,No,,,222,,,,,,,,
Eletrical and gadgets,Tool,Power transform,1,piece,,,,,Stbd top draw forward of bathroom,0,No,No,,,223,,,,,,,,
Eletrical and gadgets,Supply,EU plugs,3,piece,,,,,Port storage 0,0,No,No,,,224,,,,,,,,
Eletrical and gadgets,Tool,4 gauge 4 wire electrical cord,4,foot,,,,,Port storage 0,0,No,No,,,225,,,,,,,,
Eletrical and gadgets,Tool,14 awg 3 wire,1,meter,,,,,Port storage 0,0,No,No,,,226,,,,,,,,
Eletrical and gadgets,Tool,Electric extension cord - 15 ft and 9 ft,2,piece,,,,,Port storage,0,No,No,,,227,,,,,,,,
Eletrical and gadgets,item,Shore power cord - 125/50 amp,1,piece,,,,,black bin - port forepeak,0,No,No,,,228,,,,,,,,
Other,Supply,AAA batteries,19,piece,,,,,Nav Station Stbd Top,0,No,No,,,231,,,,,,,,
Other,Supply,AA batteries,6,piece,,,,,Nav Station Stbd Top,0,No,No,,,232,,,,,,,,
Other,Supply,C batteries,2,piece,,,,,Nav Station Stbd Top,0,No,No,,,233,,,,,,,,
Other,Tool,Air Horn,1,piece,,,,,Upper Helm,0,No,No,,,234,,,,,,,,
Other,Supply,CR1632,8,piece,,CR1632,,,Nav Station Stbd Top,0,No,No,,,235,,,,,,,,
Other,Supply,CR2032,1,piece,,CR2032,,,Nav Station Stbd Top,0,No,No,,,236,,,,,,,,
Other,Supply,AG13/LR44 for caliper,2,piece,,,,,Nav Station Stbd Top,0,No,No,,,237,,,,,,,,
Other,Item,Hatch covers (grey cloth),10,piece,,,,,Under Brad's outside seat (in front of galley window),0,No,No,,,238,,,,,,,,
Other,Item,Winch covers (grey cloth) - 1 is larger,6,piece,,,,,Under Brad's outside seat (in front of galley window),0,No,No,,,239,,,,,,,,
Other,Item,Dagger board covers (grey cloth) and straps,2,piece,,,,,Under Brad's outside seat (in front of galley window),0,No,No,,,240,,,,,,,,
Other,Item,snap covers for helm station,2,piece,,,,,Under Brad's outside seat (in front of galley window),0,No,No,,,241,,,,,,,,
Other,Item,dingy cover,1,piece,,,,,Under Brad's outside seat (in front of galley window),0,No,No,,,242,,,,,,,,
Other,Tool,"air pumps - 1 from Suzemar dingy, one BOTE",2,piece,Bote,,,,Under Brad's outside seat (in front of galley window),0,No,No,,,243,,,,,,,,
Other,Item,BOTE manual air pumps (2 for SUP and 2 for chairs in mesh BOTE bag),4,piece,Bote,,,,STBD forepeak,0,No,No,,,244,,,,,,,,
Lines and line-related,Item,Small soft shackles,2,piece,,,,,Saloon starboard drawer (below sofa),0,No,No,,,248,,,,,,,,
Lines and line-related,Item,medium soft shackles,2,piece,,,,,Saloon starboard drawer (below sofa),0,No,No,,,249,,,,,,,,
Lines and line-related,Item,black supplemental ropes with loop on end,4,piece,,,,,2 in black bin in port forepeak; 2 more...we left near stern bench?,0,No,No,,,250,,,,,,,,
Multiple,Item,heavy loops to secure corners of boat to cement blocks in boatyard,4,piece,,,Decommissioning/boatyard,,black bin - port forepeak,0,No,No,,,252,,,,,,,,
Multiple,Item,black utility lines,2,piece,,,,,black bin - port forepeak,0,No,No,,,253,,,,,,,,
Multiple,Item,lines to secure boom in boatyard,2,piece,,,Decommissioning/boatyard,,black bin - port forepeak,0,No,No,,,254,,,,,,,,
Multiple,Item,straps for Tiki board - with carabiners on ends,2,piece,,,,,black bin - port forepeak,0,No,No,,,255,,,,,,,,
As of Nov 13,Item,BOTE manual air pumps (2 for SUP and 2 for chairs in mesh BOTE bag),4,piece,,,Bote,,0,0,No,No,,STOCK_UNKNOWN,Yes,,259,,,,,,
As of Nov 13,Item,white awning,1,piece,,,,,0,0,No,No,,STOCK_UNKNOWN,Yes,TYPE_UNKNOWN,260,,,,,,
As of Nov 13,Item,STBD enclosure we're not using (for beside helm),1,piece,,,,,0,0,No,No,,STOCK_UNKNOWN,Yes,,261,,,,,,
As of Nov 13,Item,long bag (for enclosures) - grey tarp like material,1,piece,,,,,0,0,No,No,,STOCK_UNKNOWN,Yes,,262,,,,,,
As of Nov 13,Item,Mantus diving - 2 large dry bags; regulators (inside one bag); 2 mini tanks; 2 vests for tanks,2,piece,,,Mantus,,0,0,No,No,,STOCK_UNKNOWN,Yes,,263,,,,,,
As of Nov 13,Item,swim ladder (when not in use),1,piece,,,,,0,0,No,No,,STOCK_UNKNOWN,Yes,,264,,,,,,
As of Nov 13,Item,back boards,4,piece,,,,,0,0,No,No,,STOCK_UNKNOWN,Yes,,265,,,,,,
As of Nov 13,Item,knee pads,2,piece,,,,,0,0,No,No,,STOCK_UNKNOWN,Yes,TYPE_UNKNOWN,266,,,,,,
As of Nov 13,Item,Yeti cooler,1,piece,,,Yeti,,0,0,No,No,,STOCK_UNKNOWN,Yes,,267,,,,,,
As of Nov 13,Item,shore power cords,2,piece,,,,,0,0,No,No,,STOCK_UNKNOWN,Yes,TYPE_UNKNOWN,268,,,,,,
As of Nov 13,Item,shore power extension/adapters,2,piece,,,,,0,0,No,No,,STOCK_UNKNOWN,Yes,TYPE_UNKNOWN,269,,,,,,
As of Nov 13,Item,flat grey fender for stern of boat in marinas,1,piece,,,,,0,0,No,No,,STOCK_UNKNOWN,Yes,TYPE_UNKNOWN,270,,,,,,
As of Nov 13,Item,anchor marker - white triangle,1,piece,,,,,0,0,No,No,,STOCK_UNKNOWN,Yes,QTY_BLANK,271,,,,,,