Qty,Unit,Description,Supplier,Part/Area,Need to Order,Inventory Feb5/25,Where stored?,,
Plumbing,,,,,,,,,
4,item,16 90 degree connection,Agrico,Hosetail fittings,,x,Port storage2,,
4,,16mm Couplers,Agrico,Hosetail fittings,,x,Port storage2,,
2,,16mm Tee,Agrico,Hosetail fittings,,x,Port storage2,,
2,,"1/2"" Male x 16mm hose",Agrico,Hosetail fittings,,x,Port storage2,,
2,,"1/2"" Female x Female",Agrico,Hosetail fittings,,1 req'd,Port storage2,,
2,,20mm 90 degree fitting,Agrico,Hosetail fittings,,x,Port storage2,,
2,,"3/4"" Male x 20mm hose",Agrico,Hosetail fittings,,x,Port storage2,,
2,,"1/2"" female x 3/4""female",Agrico,Hosetail fittings,,x,Port storage2,,
2,,20mm Coupler,Agrico,Hosetail fittings,,no,,,
2,,25mm 90 Degree Fitting,Agrico,Hosetail fittings,,x,Port storage2,,
2,,25mm Coupler,Agrico,Hosetail fittings,,no,,,
1,,1 inch blackwater tank value,,,,,Port storage2,,
1,,1 inch blakcwater tank coupling,,,,,Port storage2,,
Bilge pump & Gori Props,,,,,,,,,
1,,Bilge Pump BE1454 Orca bilge pump 1300gph 24V,Central Boating,Bilges,,x,Port storage1,,
1,,Float switch,Central Boating,Bilges,,x,Port storage1,,
1,,Bilge pump 24 volts,,,,x (added),Port storage1,,
2,,Anode for Gori Propeller ends,Central Boating,Gori Props,,x,Portside watermaker cupboard (astern of stairs),,
2,,1/2 moon Gori Propeller,Central Boating,Gori Props,,x,Portside watermaker cupboard (astern of stairs),,
General,,,,,,,,,
1,,White Sika,Commercial Marine,kit,,x,Portside watermaker cupboard (astern of stairs),,
1,,Grey Sika,Commercial Marine,kit,,x (also have black),Portside watermaker cupboard (astern of stairs),,
1,,Clear Sika,Commercial Marine,kit,,x,Portside watermaker cupboard (astern of stairs),,
1,,Epoxy Quickset Liquid,Commercial Marine,Kit,,x,AquaMend box: Strbd bath above toilet,,
1,,2 part Epoxy Putty,Commercial Marine,Kit,,x,AquaMend box: Strbd bath above toilet,,
1,,2 part Aqua Underwater Putty,Commercial Marine,Kit,,x,AquaMend box: Strbd bath above toilet,,
1,,Corrosion Black Grease,Commercial Marine,Kit,,x,AquaMend box: Strbd bath above toilet,,
1,,3mm S/S Wire,Commercial Marine,Kit,,no,,,
1,,Self Amalgamating tape,Buco,Kit,,x,AquaMend box: Strbd bath above toilet,,
2,,8mm Straight connection,Meikles,Fuel Connection,,x,AquaMend box: Strbd bath above toilet,,
1,,"Manuel oil changing pump (""QuickSilver Gear Lube Pump"")",Commercial Marine,,,x ,Portside watermaker cupboard (astern of stairs),,
1,,self-fusing recovery tape,,,,x,Portside watermaker cupboard (astern of stairs),,
1,,double-side tape,,,,x,Portside watermaker cupboard (astern of stairs),,
2,,"Gorilla tape - extra wide (4"") and wide",,,,"Nov 10, 2025",Portside watermaker cupboard (astern of stairs),,
1,,Gorilla double-sided tape (narrow),,,,"Nov 10, 2025",Portside watermaker cupboard (astern of stairs),,
,,duct tape,,,,x,Portside watermaker cupboard (astern of stairs),,
2,,painters tape - 1/4 inch and 1 inch,,,,x,Portside watermaker cupboard (astern of stairs),,
1,,thick blue masking tape,,,,x,Portside watermaker cupboard (astern of stairs),,
1,,"reg ""yellow"" masking tape",,,,x,Portside watermaker cupboard (astern of stairs),,
3/4 bag,Bag,Starbrite moisture absorber refill,,,,x,"Portside ""food cupboard' (at bottom of stairs)",,
3 rolls,roll,Paper towels ,,,,x,"Portside ""food cupboard' (at bottom of stairs)",,
many,roll,Non-slip shelf liner,,,,x,"Portside ""food cupboard' (at bottom of stairs)",,
,,sheets of plastic (leftover from packages),,,,"Nov 9, 2025",black bin - port forepeak,,
Nuts & Bolts,,,,,,,,,
,,Assorted M6 - M10 Hex/CSK,Fastenright,Nuts & Bolts,,x,BoltsBox: Strbd bath above toilet,,
,,Washers/Nyloc/Nuts/Splipins/SS Pins,Fastenright,Nuts & Bolts,,x,BoltsBox: Strbd bath above toilet,,
,,Assorted 3.5/4.2/5.5/4.8 Pan head & CSK,Fastenright,Screws,,x,BoltsBox: Strbd bath above toilet,,
Integrel,,,,,,,,,
3,,Spare set of belts,Integral,Integrel,,x,,,issue as 2 of the belts seems to be just a little too large
1,,Straight edge,Integral,,,x,Strbd bath above toilet,,
2,,Vented smooth pulleys,Integral,,,"April 11, 2025",Strbd bath above toilet,,
2,,Belts - 8PK1330HD,,,,"April 11, 2025",Strbd bath above toilet,,
Fresh & Salt water pump and throttle cable,,,,,,,,,
1,,"UP6/E 24V 3,5 bar high pressure",Manex,Pump,,x,Port storage2,,
1,,9ft ZF Throttle,Manex,Morse Cable,,x,Strbd bath above toilet,,
1,,Larger Seawater Strainer Full Unit,,,,,Port storage2,,
1,,Small Seawater Strainer Full Unit,,,,,Port storage2,,
Plumbing Fittings,,,,,,,,,
5,,90 degree elbows,Plumblink,Plumbing,,x,Port storage2,,
4,,Straight Connectors,Plumblink,Plumbing,,x,Port storage2,,
2,,Stop Ends,Plumblink,Plumbing,,x,Port storage2,,
2,,Male iron,Plumblink,Plumbing,,x,Port storage2,,
2,,Female Iron,Plumblink,Plumbing,,x,Port storage2,,
2,,Tee's,Plumblink,Plumbing,,x,Port storage2,,
10,metre,Pipe,Plumblink,Plumbing,,no?,,,
2,,Valves,Plumblink,Plumbing,,x,Port storage2,,
1,,Non-return Valves,Plumblink,Plumbing,,x,Port storage2,,
20,feet,"0.25"" RO tubing (for drinking water)",,Plumbing,,"April 11, 2025",Port storage 0,,
1,pack,"Assorted 0.25"" RO quick release fittings",,Plumbing,,"April 11, 2025",Port storage 0,,
,,Orange foam cone,,,,,Port storage,,
Electrical ,,,,,,,,,
,,Electric fuses and breakers,,,,x,AquaMend box: Strbd bath above toilet,,
,,,,,,,,,
,,,,,,,,,
Engine Service/Spares,,,,,,,,,
2,,50hr Service Kit: Oil Filter,Seascape Marine,Engine,,x (with washers),Strbd bath above toilet,,
2,,250hr Service Kit: Oil Filter,Seascape Marine,Engine,,x,Strbd bath above toilet,,
2,,250hr Service Kit: Fuel Filter,Seascape Marine,Engine,,x,Strbd bath above toilet,,
2,,250hr Service Kit: Filter Separator,Seascape Marine,Engine,,x,Strbd bath above toilet,,
2,,250hr Service Kit: Impeller Kit,Seascape Marine,Engine,,x,Strbd bath above toilet,,
2,,250hr Service Kit: Belt water Pump,Seascape Marine,Engine,,x,Strbd bath above toilet,,
2,,250hr Service Kit: Oil & Coolant,Seascape Marine,Engine,,x,Strbd bath above toilet,,
2,,Additional Spare Kit: Fuel Filter,Seascape Marine,Engine,,x,Strbd bath above toilet,,
2,,Additional Spare Kit: Filter Separator,Seascape Marine,Engine,,x,Strbd bath above toilet,,
1,,Additional Spare Kit: Belt Water Pump,Seascape Marine,Engine,,x,Strbd bath above toilet,,
1,,Additional Spare Kit: Impeller Kit,Seascape Marine,Engine,,x,Strbd bath above toilet,,
4,,Additional Spare Kit: Coolant,Seascape Marine,Engine,,x,Strbd bath above toilet,,
6,,Additional Spare Kit: Oil,Seascape Marine,Engine,,x,Strbd bath above toilet,,
4,,Fuel filter spares,Seascape Marine,Engine,,x,Strbd bath above toilet,,
2,,1/2 Moon Anodes Saildrive Props,Seascape Marine,Engine,,x,Portside watermaker cupboard,,
2,,Rose Anodes,Seascape Marine,Engine,,x,Portside watermaker cupboard,,
4,,Racor spare filters (10 microns),Racor,Engine,,x,Strbd bath above toilet,,
2,,1/2 pint funnels (sail drive and engine oil),,Engine,,x,Strbd bath above toilet,,
Sails,,,,,,,,,
1,,Sail Repair kit,Ullman Sails,Sails,,x,Strbd bathroom above black water,,
1,,Set of Splice/Fids,Ullman Sails,Sails,,x,Strbd bathroom above black water,,
Hose,,,,,,,,,
5,metre,8mm Fuel Hose,Vetus,Pipe,,x,Outdoor front locker,,
5,metre,10mm Fuel hose,Vetus,Pipe,,x,Outdoor front locker,,
5,metre,16mm DW Hose,Vetus,Pipe,,x,Portside watermaker cupboard,,
3,metre,19mm DW Hose,Vetus,Pipe,,x,,,
3,metre,25mm DW Hose,Vetus,Pipe,,x,Portside watermaker cupboard,,
Clamps,,,,,,,,,
6,,8-16mm Clamps,Wurth,Hose Clamps,,x,AquaMend box: Strbd bath above toilet,,
5,,16-27mm Clamps,Wurth,Hose Clamps,,x,AquaMend box: Strbd bath above toilet,,
6,,20-32mm Clamps,Wurth,Hose Clamps,,x,AquaMend box: Strbd bath above toilet,,
6,,32-50mm Clamps,Wurth,Hose Clamps,,x,AquaMend box: Strbd bath above toilet,,
Steering Rope,,,,,,,,,
1,,Pre-cut lengths 7.5m pre run in boat,,Spare Steering,,x,Installed,,
1,,Pre-cut lengths 6.2m pre run in boat,,Spare Steering,,x,Installed,,
1,,Pre-cut Lengths 10.5m pre run in boat,,Spare Steering,,x,Installed,,
1,,Precut Lengths 11.5m pre run in boat,,Spare Steering,,x,Installed,,
Watermaker,,,,,,,,,
3,,5 micron filters,,Watermaker,,x,Watermaker Box: Strbd bath above toilet,,
1,,10 micron carbon filters,,Watermaker,x,x,Watermaker Box: Strbd bath above toilet,,
1,,RO quick-release 1/4 water filter,,Watermaker,,"April 11, 2025",Watermaker Box: Strbd bath above toilet,,
1,,motor coupling,,Watermaker,,x,Watermaker Box: Strbd bath above toilet,,
1,,PSP 15 (coupling?),,Watermaker,,x,Watermaker Box: Strbd bath above toilet,,
1,,PSSM 152 (coupling),,Watermaker,,x,Watermaker Box: Strbd bath above toilet,,
2,,Schneker Cleaning 1,,Watermaker,,x,Watermaker Box: Strbd bath above toilet,,
1,,Schneker Cleaning 2,,Watermaker,,x,Watermaker Box: Strbd bath above toilet,,
1,,tube of silicone paste,,Watermaker,,x,Watermaker Box: Strbd bath above toilet,,
1,,Schsp 10 pump head,,Watermaker,,x,Watermaker Box: Strbd bath above toilet,,
1,,Schdpm16 (cables and sensor?),,Watermaker,,x,Watermaker Box: Strbd bath above toilet,,
1,,SchSsZ15 (assorted washers),,Watermaker,,x,Watermaker Box: Strbd bath above toilet,,
,,Schneker water maker tubing compression nut,,Watermaker,,"April 11, 2025",Nav Station Stbd Top (grey battery bag),,
FASTENER ,,,,,,,,,
1,,Grommets Punch,,,,x,Ziplock bag: Strbd bath above toilet,,
1,,Grommets 10mm 3/8 inch,,,,x,Ziplock bag: Strbd bath above toilet,,
1,,Grommets 8mm 5/16 inch,,,,x,Ziplock bag: Strbd bath above toilet,,
1,,Grommets 12mm 1/2 inch,,,,x,Ziplock bag: Strbd bath above toilet,,
4,,1 micron filters,,,,x,Strbd bath above toilet,,
1,,5 micron filter,,,,x,Strbd bath above toilet,,
20,,hinges,,,,x,Portside watermaker cupboard (astern of stairs),,
15,,Small zip-ties,,,,x,Portside watermaker cupboard (astern of stairs),,
Adhesives & Ties,,,,,,,,,
6,,Bungee Cords,,,,x,Portside watermaker cupboard (astern of stairs),,
3,,Cargo Nets,,,,x,Portside watermaker cupboard (astern of stairs),,
,,,,,,,,,
1.5,,small open tube Sike 591,,,,x,Portside watermaker cupboard (astern of stairs),,
10,,Wooden mixing sticks (small),,,,x,Portside watermaker cupboard (astern of stairs),,
100,,Gloves (thin working),,,,x,Portside watermaker cupboard (astern of stairs),,
1,,Marine Weld (25ml),,,,x,Portside watermaker cupboard (astern of stairs),,
12,,Self Adhensive Hooks,,,,x,Portside watermaker cupboard (astern of stairs),,
4,,2 m long tiedowns,,,,x,Portside watermaker cupboard (astern of stairs),,
1,,Locktight (20g),,,,x,Portside watermaker cupboard (astern of stairs),,
6,,Fasteners (or outside window covers and enclosure),,,,x,Portside watermaker cupboard (astern of stairs),,
many,,Cable ties,,,,x,Portside watermaker cupboard (astern of stairs),,
10,,Portable cord ties,,,,x,Portside watermaker cupboard (astern of stairs),,
1,,M2 3/8 Anchor strap,,,,x,Portside watermaker cupboard (astern of stairs),,
1,,M2 1/2 Anchor strap,,,,x,Portside watermaker cupboard (astern of stairs),,
1,,long bag,,,,x,Portside watermaker cupboard (astern of stairs),,
1,,Tikka Yatching Repair Kit ,,,,x,Portside watermaker cupboard (astern of stairs),,
,,,,,,,,,
Tools (not in tool drawer),,,,,,,,,
1,,Small mallet,,,,x,Gym cupboard,,
1,,Digital caliper,,,,x,Gym cupboard,,
1,,Strap wrench,,,,x,Gym cupboard,,
1,,salination tester,,,,x,Gym cupboard,,
1,,Dremel drill and parts,,,,x,Gym cupboard,,
,,,,,,,,,
Tool Kit for CNC Tool Drawer,,,,,,,,,
1,,Set of Spanners sz 6-19,,Tools,,x,tool drawer (saloon),,
1,,"Set of Allen keys sz 1,5 - 10",,Tools,,x,tool drawer (saloon),,
1,,Hacksaw,,Tools,,x,tool drawer (saloon),,
1,,Crimper,,Tools,,x,tool drawer (saloon),,
1,,Hammer,,Tools,,x,tool drawer (saloon),,
1,,3m measuring tape,,Tools,,x,tool drawer (saloon),,
1,,Stanley knife,,Tools,,x,tool drawer (saloon),,
1,,Stanley Blades,,Tools,,x,tool drawer (saloon),,
1,,Set of drill bits sz 1-10,,Tools,,x,tool drawer (saloon),,
1,,"Bosch Ratchet set sz 6, 7, 8, 10, 13",,Tools,,x,tool drawer (saloon),,
1,,Silicone gun,,Tools,,x,tool drawer (saloon),,
1,,Filter spanner key,,Tools,,x,tool drawer (saloon),,
1,,Set of screwdrivers,,Tools,,x,tool drawer (saloon),,
1,,Socket set sz 10-32,,Tools,,x,tool drawer (saloon),,
1,,Adjustable spanner 10-250mm,,Tools,,x,tool drawer (saloon),,
1,,9 pcs 2-10mm metal drill bit,,,,x,tool drawer (saloon),,
1,,random yellow case of screws and hex bolts,,,,x,tool drawer (saloon),,
Rudder,,,,,,,,,
2,,Gaitors,Jefa Rudder,Rudder Boot,,x,Portside watermaker cupboard,,
Tender/dingy,,,,,,,,,
,,Spares for Tender,,Tender,,x,,,
,,Straps to secure tender for long passages,,Tender,,x,Stern shallow cupboard - behind helm,,
,,Dingy anchor,,,,x,Stern cupboard - behind helm,,
,,Dingy swim ladder,,,,x,Stern cupboard - behind helm,,
"Outdoor cleaning, smelly spray cans, boat hooks, brushes & misc",,,,,,,,,
500 mL,ml,Ethanol (spray bottle),,,,x,Stern bench,,
1,l,"Deck master dek reiniger 
(colorless organic quickcleaner for varnished/unvarnished surfaces, a strong alkaline degreaser to clean ship decks incl painted/varnished, flexiteek.
",https://masteryachtcare.com/en/product/deckmaster/,,,x,Stern bench,,
,,"Empty bottle of deck master support mater (highly concentrated multi-cleaner for streak-free cleaning of the inside and outside of your yacht)
",https://masteryachtcare.com/en/product/supportmaster/,,,x,Stern bench,,
,,500 ml deck master bright master,,,,x,Stern bench,,
2,tubes,Star Clean stainless polish,,,,x,Stern bench,,
500,ml,Alva stainless cleaner,,,,x,Stern bench,,
1,l,Starbrite teak cleaner,,,,x,Stern bench,,
1,l,Starbrite boat wash,,,,x,Stern bench,,
1,bottle,Windex (vinegar version),,,,x,Stern bench,,
3,,Vinegar,,,,"Nov 9, 2025","2 under kitchen sink, 1 by milk cupboard",,
,,Paintbrush,,,,x,Stern bench,,
2,,Tooth brushes,,,,x,Stern bench,,
2,,Large sponges,,,,x,Stern bench,,
,,Various bungee cords,,,,x,Stern bench,,
,,Bolt cutters,,,,x,Stern bench,,
,,Boat hook #1: yellow and white brush,,,,x,Stern bench,,
,,"Boat hook #2: Stick, hook, yellow and blue brushes",,,,x,Stern bench,,
1,can,McLube,,,,x,Stern bench,,
1,can (small),WD40,,,,x,Stern bench,,
1,can,Silicone Spray,,,,x,Stern bench,,
1,can,Tectyl Spray,Commercial Marine,kit,x,,Stern bench,"<--can felt empty, leak in cabinet",
1,can,CorrosionX,,,,x,Stern bench,,
2,,Baracle buster,,,,x,Under Brad's outside seat (in front of galley window),,
1,,Bilge cleaner + 2 brushes,,,,x,Under Brad's outside seat (in front of galley window),,
Eletrical and gadgets ,,,,,,,,,
1,,6 ft NEMA cable,,,,x,Stbd top draw forward of bathroom,,
1,,NEMA splitter / 3way,,,,x,Stbd top draw forward of bathroom,,
1,,20 ft RJ45 cable,,,,x,Stbd top draw forward of bathroom,,
1,,multi meter,,,,x,,,
1,,Power adaptors,,,,x,Stbd top draw forward of bathroom,,
1,,Power transform,,,,x,Stbd top draw forward of bathroom,,
3,,EU plugs,,,,x,Port storage 0,,
4,ft,4 gauge 4 wire electrical cord,,,,x,Port storage 0,,
1,metre,14 awg 3 wire,,,,x,Port storage 0,,
2,,Electric extension cord - 15 ft and 9 ft,,,,x,Port storage ,,
,,Shore power cord - 125/50 amp,,,,x,black bin - port forepeak,,
,,,,,,,,,
Other,,,,,,,,,
19,,AAA batteries,,,,x,Nav Station Stbd Top ,,
6,,AA batteries,,,,x,Nav Station Stbd Top ,,
2,,C batteries,,,,x,Nav Station Stbd Top ,,
1,,Air Horn,,,,x,Upper Helm,,
8,,CR1632,,,,x,Nav Station Stbd Top ,,
1,,CR2032,,,,x,Nav Station Stbd Top ,,
2,,AG13/LR44 for caliper,,,,x,Nav Station Stbd Top ,,
10,,Hatch covers (grey cloth),,,,x,Under Brad's outside seat (in front of galley window),,
6,,Winch covers (grey cloth) - 1 is larger,,,,x,Under Brad's outside seat (in front of galley window),,
2,,Dagger board covers (grey cloth) and straps,,,,x,Under Brad's outside seat (in front of galley window),,
2,,snap covers for helm station,,,,x,Under Brad's outside seat (in front of galley window),,
1,,dingy cover,,,,x,Under Brad's outside seat (in front of galley window),,
2,,"air pumps - 1 from Suzemar dingy, one BOTE",,,,x,Under Brad's outside seat (in front of galley window),,
4,,BOTE manual air pumps (2 for SUP and 2 for chairs in mesh BOTE bag),,,,x,STBD forepeak,,
,,,,,,,,,
,,,,,,,,,
Lines and line-related,,,,,,,,,
2,,Small soft shackles,,,,x,Saloon starboard drawer (below sofa),,
2,,medium soft shackles,,,,x,Saloon starboard drawer (below sofa),,
4,,black supplemental ropes with loop on end,,,,x,2 in black bin in port forepeak; 2 more...we left near stern bench?,,
Multiple,,mousing line (thin white - for decommissioning),,Decommissioning/boatyard,,x,black bin - port forepeak,,
4,,heavy loops to secure corners of boat to cement blocks in boatyard,,Decommissioning/boatyard,,x,black bin - port forepeak,,
2,,black utility lines,,,,x,black bin - port forepeak,,
2,,lines to secure boom in boatyard,,Decommissioning/boatyard,,x,black bin - port forepeak,,
2,,straps for Tiki board - with carabiners on ends,,,,x,black bin - port forepeak,,
,,,,,,,,,
,,,,,,,,,
"As of Nov 13, 2025, what is in STBD forepeak?",,,,,,,,,
4,,BOTE manual air pumps (2 for SUP and 2 for chairs in mesh BOTE bag),,,,x,STBD forepeak,,
1,,"white ""awning"" ",,,,x,STBD forepeak,,
1,,STBD enclosure we're not using (for beside helm),,,,x,STBD forepeak,,
1,,long bag (for enclosures) - grey tarp like material,,,,x,STBD forepeak,,
2,,Mantus diving - 2 large dry bags; regulators (inside one bag); 2 mini tanks; 2 vests for tanks,,,,x,STBD forepeak,,
1,,swim ladder (when not in use),,,,x,STBD forepeak,,
4,,back boards,,,,x,STBD forepeak,,
2,,knee pads,,,,x,STBD forepeak,,
1,,Yeti cooler,,,,x,STBD forepeak,,
2,,shore power cords,,,,x,STBD forepeak,,
2,,shore power extension/adapters,,,,x,STBD forepeak,,
1,,flat grey fender for stern of boat in marinas,,,,x,STBD forepeak,,
,,anchor marker - white triangle,,,,x,STBD forepeak,,